Title,Media URL,Pinterest board,Thumbnail,Description,Link,Publish date,Keywords
NYT Strands Hints And Answers For 23-March-2026,https://raw.githubusercontent.com/malikmubashar322-hub/Auto-Pins-Generator/main/pins/7401-nyt-strands-hints-and-answers-for-23-march-2026.jpg,Boredpanda Viral,0:00,,https://www.boredpanda.com/nyt-strands-hints-and-answers-23-march-2026?%2F%3Futm_source=pinterest&utm_medium=link&utm_campaign=folklore,30/07/2026,
NYT Connections Hints And Answers For 23-March-2026,https://raw.githubusercontent.com/malikmubashar322-hub/Auto-Pins-Generator/main/pins/7402-nyt-connections-hints-and-answers-for-23-march-2026.jpg,Boredpanda Viral,0:00,,https://www.boredpanda.com/nyt-connections-hints-and-answers-23-march-2026?%2F%3Futm_source=pinterest&utm_medium=link&utm_campaign=folklore,30/07/2026,
37 People Open Up About The Time They Realized Someone Close To Them Was A Horrible Human Being,https://raw.githubusercontent.com/malikmubashar322-hub/Auto-Pins-Generator/main/pins/7403-37-people-open-up-about-the-time-they-realized-someone-close.jpg,Boredpanda Viral,0:00,,https://www.boredpanda.com/moment-people-realized-someone-terrible-person?%2F%3Futm_source=pinterest&utm_medium=link&utm_campaign=folklore,30/07/2026,
"Partner Fed Up With GF Ruining Snacks Over And Over, Changes Grocery Habits To Prove A Point",https://raw.githubusercontent.com/malikmubashar322-hub/Auto-Pins-Generator/main/pins/7404-partner-fed-up-with-gf-ruining-snacks-over-and-over-changes-.jpg,Boredpanda Viral,0:00,,https://www.boredpanda.com/forcing-girlfriend-eat-stale-snacks?%2F%3Futm_source=pinterest&utm_medium=link&utm_campaign=folklore,30/07/2026,
Woman Mortified After Finding Out Random Neighbor Tells Everyone He’s Her “Caretaker”,https://raw.githubusercontent.com/malikmubashar322-hub/Auto-Pins-Generator/main/pins/7405-woman-mortified-after-finding-out-random-neighbor-tells-ever.jpg,Boredpanda Viral,0:00,,https://www.boredpanda.com/neighbor-stalker-caretaker-creep?%2F%3Futm_source=pinterest&utm_medium=link&utm_campaign=folklore,30/07/2026,
Pregnant Woman Rescinds Mom’s Baby Name Honor After She Leaks Her Secret To The Golden Child,https://raw.githubusercontent.com/malikmubashar322-hub/Auto-Pins-Generator/main/pins/7406-pregnant-woman-rescinds-moms-baby-name-honor-after-she-leaks.jpg,Boredpanda Viral,0:00,,https://www.boredpanda.com/changing-baby-name-secretly-pregnant?%2F%3Futm_source=pinterest&utm_medium=link&utm_campaign=folklore,30/07/2026,
"Woman Shocked After Learning Casual Hookup Has A GF, Secretly Contacts GF And Gets A Reality Check",https://raw.githubusercontent.com/malikmubashar322-hub/Auto-Pins-Generator/main/pins/7407-woman-shocked-after-learning-casual-hookup-has-a-gf-secretly.jpg,Boredpanda Viral,0:00,,https://www.boredpanda.com/dating-guy-serious-girlfriend?%2F%3Futm_source=pinterest&utm_medium=link&utm_campaign=folklore,30/07/2026,
"Guy Buys Period Products For His Female Guests, Taken Aback After One Woman Shames Him For It",https://raw.githubusercontent.com/malikmubashar322-hub/Auto-Pins-Generator/main/pins/7408-guy-buys-period-products-for-his-female-guests-taken-aback-a.jpg,Boredpanda Viral,0:00,,https://www.boredpanda.com/woman-accuse-man-showoff-pads?%2F%3Futm_source=pinterest&utm_medium=link&utm_campaign=folklore,30/07/2026,
71 Times Dudes Were Absolute Green Flags In The Most Wholesome Way (New Pics),https://raw.githubusercontent.com/malikmubashar322-hub/Auto-Pins-Generator/main/pins/7409-71-times-dudes-were-absolute-green-flags-in-the-most-wholeso.jpg,Boredpanda Viral,0:00,,https://www.boredpanda.com/men-share-wholesome-wins-posts?%2F%3Futm_source=pinterest&utm_medium=link&utm_campaign=folklore,30/07/2026,
Princess Eugenie: Bio And Career Highlights,https://raw.githubusercontent.com/malikmubashar322-hub/Auto-Pins-Generator/main/pins/7410-princess-eugenie-bio-and-career-highlights.jpg,Boredpanda Viral,0:00,,https://www.boredpanda.com/princess-eugenie-bio-and-career-highlights?%2F%3Futm_source=pinterest&utm_medium=link&utm_campaign=folklore,30/07/2026,
Catherine Keener: Bio And Career Highlights,https://raw.githubusercontent.com/malikmubashar322-hub/Auto-Pins-Generator/main/pins/7411-catherine-keener-bio-and-career-highlights.jpg,Boredpanda Viral,0:00,,https://www.boredpanda.com/catherine-keener-bio-and-career-highlights?%2F%3Futm_source=pinterest&utm_medium=link&utm_campaign=folklore,31/07/2026,
Perez Hilton: Bio And Career Highlights,https://raw.githubusercontent.com/malikmubashar322-hub/Auto-Pins-Generator/main/pins/7412-perez-hilton-bio-and-career-highlights.jpg,Boredpanda Viral,0:00,,https://www.boredpanda.com/perez-hilton-bio-and-career-highlights?%2F%3Futm_source=pinterest&utm_medium=link&utm_campaign=folklore,31/07/2026,
Brett Eldredge: Bio And Career Highlights,https://raw.githubusercontent.com/malikmubashar322-hub/Auto-Pins-Generator/main/pins/7413-brett-eldredge-bio-and-career-highlights.jpg,Boredpanda Viral,0:00,,https://www.boredpanda.com/brett-eldredge-bio-and-career-highlights?%2F%3Futm_source=pinterest&utm_medium=link&utm_campaign=folklore,31/07/2026,
Victoria Pedretti: Bio And Career Highlights,https://raw.githubusercontent.com/malikmubashar322-hub/Auto-Pins-Generator/main/pins/7414-victoria-pedretti-bio-and-career-highlights.jpg,Boredpanda Viral,0:00,,https://www.boredpanda.com/victoria-pedretti-bio-and-career-highlights?%2F%3Futm_source=pinterest&utm_medium=link&utm_campaign=folklore,31/07/2026,
Randall Park: Bio And Career Highlights,https://raw.githubusercontent.com/malikmubashar322-hub/Auto-Pins-Generator/main/pins/7415-randall-park-bio-and-career-highlights.jpg,Boredpanda Viral,0:00,,https://www.boredpanda.com/randall-park-bio-and-career-highlights?%2F%3Futm_source=pinterest&utm_medium=link&utm_campaign=folklore,31/07/2026,
Michelle Monaghan: Bio And Career Highlights,https://raw.githubusercontent.com/malikmubashar322-hub/Auto-Pins-Generator/main/pins/7416-michelle-monaghan-bio-and-career-highlights.jpg,Boredpanda Viral,0:00,,https://www.boredpanda.com/michelle-monaghan-bio-and-career-highlights?%2F%3Futm_source=pinterest&utm_medium=link&utm_campaign=folklore,31/07/2026,
Keri Russell: Bio And Career Highlights,https://raw.githubusercontent.com/malikmubashar322-hub/Auto-Pins-Generator/main/pins/7417-keri-russell-bio-and-career-highlights.jpg,Boredpanda Viral,0:00,,https://www.boredpanda.com/keri-russell-bio-and-career-highlights?%2F%3Futm_source=pinterest&utm_medium=link&utm_campaign=folklore,31/07/2026,
Damon Albarn: Bio And Career Highlights,https://raw.githubusercontent.com/malikmubashar322-hub/Auto-Pins-Generator/main/pins/7418-damon-albarn-bio-and-career-highlights.jpg,Boredpanda Viral,0:00,,https://www.boredpanda.com/damon-albarn-bio-and-career-highlights?%2F%3Futm_source=pinterest&utm_medium=link&utm_campaign=folklore,31/07/2026,
Chaka Khan: Bio And Career Highlights,https://raw.githubusercontent.com/malikmubashar322-hub/Auto-Pins-Generator/main/pins/7419-chaka-khan-bio-and-career-highlights.jpg,Boredpanda Viral,0:00,,https://www.boredpanda.com/chaka-khan-bio-and-career-highlights?%2F%3Futm_source=pinterest&utm_medium=link&utm_campaign=folklore,31/07/2026,
Brenda Song Slams Airline For Separating Her And Macaulay Culkin From Their Kids During Nightmare Flight,https://raw.githubusercontent.com/malikmubashar322-hub/Auto-Pins-Generator/main/pins/7420-brenda-song-slams-airline-for-separating-her-and-macaulay-cu.jpg,Boredpanda Viral,0:00,,https://www.boredpanda.com/brenda-song-blasts-alaska-airlines-separate-from-two-kids?%2F%3Futm_source=pinterest&utm_medium=link&utm_campaign=folklore,31/07/2026,
“The Worst I Seen It”: Jason Momoa Flees Hawaii As Historic Floods Trigger Mass Evacuations,https://raw.githubusercontent.com/malikmubashar322-hub/Auto-Pins-Generator/main/pins/7421-the-worst-i-seen-it-jason-momoa-flees-hawaii-as-historic-flo.jpg,Boredpanda Viral,0:00,,https://www.boredpanda.com/jason-momoa-evacuates-hawaii-alongside-thousands-after-historic-floods?%2F%3Futm_source=pinterest&utm_medium=link&utm_campaign=folklore,01/08/2026,
“Such A Menace To Society”: Shia LaBeouf Loses His Cool At Woman In Rome In New Footage,https://raw.githubusercontent.com/malikmubashar322-hub/Auto-Pins-Generator/main/pins/7422-such-a-menace-to-society-shia-labeouf-loses-his-cool-at-woma.jpg,Boredpanda Viral,0:00,,https://www.boredpanda.com/shia-labeouf-loses-cool-at-woman-rome-new-footage?%2F%3Futm_source=pinterest&utm_medium=link&utm_campaign=folklore,01/08/2026,
“She Is Not Built For Fame”: Internet Tore Apart Chappell Roan Following Jude Law’s Young Daughter’s Incident,https://raw.githubusercontent.com/malikmubashar322-hub/Auto-Pins-Generator/main/pins/7423-she-is-not-built-for-fame-internet-tore-apart-chappell-roan-.jpg,Boredpanda Viral,0:00,,https://www.boredpanda.com/chappell-roan-breaks-silence-backlash-jude-law-daughter-cry?%2F%3Futm_source=pinterest&utm_medium=link&utm_campaign=folklore,01/08/2026,
Denise Richards Reveal Before-And-After Look Following Wild Surgery,https://raw.githubusercontent.com/malikmubashar322-hub/Auto-Pins-Generator/main/pins/7424-denise-richards-reveal-before-and-after-look-following-wild-.jpg,Boredpanda Viral,0:00,,https://www.boredpanda.com/denise-richards-shares-wild-before-after-photos-facelift-transformation?%2F%3Futm_source=pinterest&utm_medium=link&utm_campaign=folklore,01/08/2026,
"Daily Guess The Famous Person Game #008 (Mar 22, 2026)",https://raw.githubusercontent.com/malikmubashar322-hub/Auto-Pins-Generator/main/pins/7425-daily-guess-the-famous-person-game-008-mar-22-2026.jpg,Boredpanda Viral,0:00,,https://www.boredpanda.com/guess-the-person-22-03-2026?%2F%3Futm_source=pinterest&utm_medium=link&utm_campaign=folklore,01/08/2026,
58YO Woman Shares What Happened After She Refused To Train Her Replacement For Free,https://raw.githubusercontent.com/malikmubashar322-hub/Auto-Pins-Generator/main/pins/7426-58yo-woman-shares-what-happened-after-she-refused-to-train-h.jpg,Boredpanda Viral,0:00,,https://www.boredpanda.com/woman-refuses-train-young-employee-replacement?%2F%3Futm_source=pinterest&utm_medium=link&utm_campaign=folklore,01/08/2026,
"Celebrity Birthdays Today, March 22, 2026",https://raw.githubusercontent.com/malikmubashar322-hub/Auto-Pins-Generator/main/pins/7427-celebrity-birthdays-today-march-22-2026.jpg,Boredpanda Viral,0:00,,https://www.boredpanda.com/celebrity-birthdays-today-march-22-2026?%2F%3Futm_source=pinterest&utm_medium=link&utm_campaign=folklore,01/08/2026,
65 Rare And Extraordinary Photos Of Animals That Prove Nature Still Has Its Secrets,https://raw.githubusercontent.com/malikmubashar322-hub/Auto-Pins-Generator/main/pins/7428-65-rare-and-extraordinary-photos-of-animals-that-prove-natur.jpg,Boredpanda Viral,0:00,,https://www.boredpanda.com/rare-animal-pics?%2F%3Futm_source=pinterest&utm_medium=link&utm_campaign=folklore,01/08/2026,
"NYT Pips Hints, Answers For 22-March-2026",https://raw.githubusercontent.com/malikmubashar322-hub/Auto-Pins-Generator/main/pins/7429-nyt-pips-hints-answers-for-22-march-2026.jpg,Boredpanda Viral,0:00,,https://www.boredpanda.com/nyt-pips-hints-and-answers-22-march-2026?%2F%3Futm_source=pinterest&utm_medium=link&utm_campaign=folklore,01/08/2026,
"Spelling Bee Hints, Answers For 22-March-2026",https://raw.githubusercontent.com/malikmubashar322-hub/Auto-Pins-Generator/main/pins/7430-spelling-bee-hints-answers-for-22-march-2026.jpg,Boredpanda Viral,0:00,,https://www.boredpanda.com/spelling-bee-answers-22-march-2026?%2F%3Futm_source=pinterest&utm_medium=link&utm_campaign=folklore,01/08/2026,
NYT Mini Crossword Hints And Answers For 22-March-2026,https://raw.githubusercontent.com/malikmubashar322-hub/Auto-Pins-Generator/main/pins/7431-nyt-mini-crossword-hints-and-answers-for-22-march-2026.jpg,Boredpanda Viral,0:00,,https://www.boredpanda.com/nyt-mini-crossword-answers-and-hints-22-march-2026?%2F%3Futm_source=pinterest&utm_medium=link&utm_campaign=folklore,02/08/2026,
NYT Strands Hints And Answers For 22-March-2026,https://raw.githubusercontent.com/malikmubashar322-hub/Auto-Pins-Generator/main/pins/7432-nyt-strands-hints-and-answers-for-22-march-2026.jpg,Boredpanda Viral,0:00,,https://www.boredpanda.com/nyt-strands-hints-and-answers-22-march-2026?%2F%3Futm_source=pinterest&utm_medium=link&utm_campaign=folklore,02/08/2026,
NYT Connections Hints And Answers For 22-March-2026,https://raw.githubusercontent.com/malikmubashar322-hub/Auto-Pins-Generator/main/pins/7433-nyt-connections-hints-and-answers-for-22-march-2026.jpg,Boredpanda Viral,0:00,,https://www.boredpanda.com/nyt-connections-hints-and-answers-22-march-2026?%2F%3Futm_source=pinterest&utm_medium=link&utm_campaign=folklore,02/08/2026,
Ice MC: Bio And Career Highlights,https://raw.githubusercontent.com/malikmubashar322-hub/Auto-Pins-Generator/main/pins/7434-ice-mc-bio-and-career-highlights.jpg,Boredpanda Viral,0:00,,https://www.boredpanda.com/ice-mc-bio-and-career-highlights?%2F%3Futm_source=pinterest&utm_medium=link&utm_campaign=folklore,02/08/2026,
Jorge Ben Jor: Bio And Career Highlights,https://raw.githubusercontent.com/malikmubashar322-hub/Auto-Pins-Generator/main/pins/7435-jorge-ben-jor-bio-and-career-highlights.jpg,Boredpanda Viral,0:00,,https://www.boredpanda.com/jorge-ben-jor-bio-and-career-highlights?%2F%3Futm_source=pinterest&utm_medium=link&utm_campaign=folklore,02/08/2026,
Aaron North: Bio And Career Highlights,https://raw.githubusercontent.com/malikmubashar322-hub/Auto-Pins-Generator/main/pins/7436-aaron-north-bio-and-career-highlights.jpg,Boredpanda Viral,0:00,,https://www.boredpanda.com/aaron-north-bio-and-career-highlights?%2F%3Futm_source=pinterest&utm_medium=link&utm_campaign=folklore,02/08/2026,
Beverley Knight: Bio And Career Highlights,https://raw.githubusercontent.com/malikmubashar322-hub/Auto-Pins-Generator/main/pins/7437-beverley-knight-bio-and-career-highlights.jpg,Boredpanda Viral,0:00,,https://www.boredpanda.com/beverley-knight-bio-and-career-highlights?%2F%3Futm_source=pinterest&utm_medium=link&utm_campaign=folklore,02/08/2026,
Wolf Blitzer: Bio And Career Highlights,https://raw.githubusercontent.com/malikmubashar322-hub/Auto-Pins-Generator/main/pins/7438-wolf-blitzer-bio-and-career-highlights.jpg,Boredpanda Viral,0:00,,https://www.boredpanda.com/wolf-blitzer-bio-and-career-highlights?%2F%3Futm_source=pinterest&utm_medium=link&utm_campaign=folklore,02/08/2026,
Dave Portnoy: Bio And Career Highlights,https://raw.githubusercontent.com/malikmubashar322-hub/Auto-Pins-Generator/main/pins/7439-dave-portnoy-bio-and-career-highlights.jpg,Boredpanda Viral,0:00,,https://www.boredpanda.com/dave-portnoy-bio-and-career-highlights?%2F%3Futm_source=pinterest&utm_medium=link&utm_campaign=folklore,02/08/2026,
Constance Wu: Bio And Career Highlights,https://raw.githubusercontent.com/malikmubashar322-hub/Auto-Pins-Generator/main/pins/7440-constance-wu-bio-and-career-highlights.jpg,Boredpanda Viral,0:00,,https://www.boredpanda.com/constance-wu-bio-and-career-highlights?%2F%3Futm_source=pinterest&utm_medium=link&utm_campaign=folklore,02/08/2026,
George Benson: Bio And Career Highlights,https://raw.githubusercontent.com/malikmubashar322-hub/Auto-Pins-Generator/main/pins/7441-george-benson-bio-and-career-highlights.jpg,Boredpanda Viral,0:00,,https://www.boredpanda.com/george-benson-bio-and-career-highlights?%2F%3Futm_source=pinterest&utm_medium=link&utm_campaign=folklore,03/08/2026,
Andrew Lloyd Webber: Bio And Career Highlights,https://raw.githubusercontent.com/malikmubashar322-hub/Auto-Pins-Generator/main/pins/7442-andrew-lloyd-webber-bio-and-career-highlights.jpg,Boredpanda Viral,0:00,,https://www.boredpanda.com/andrew-lloyd-webber-bio-and-career-highlights?%2F%3Futm_source=pinterest&utm_medium=link&utm_campaign=folklore,03/08/2026,
William Shatner: Bio And Career Highlights,https://raw.githubusercontent.com/malikmubashar322-hub/Auto-Pins-Generator/main/pins/7443-william-shatner-bio-and-career-highlights.jpg,Boredpanda Viral,0:00,,https://www.boredpanda.com/william-shatner-bio-and-career-highlights?%2F%3Futm_source=pinterest&utm_medium=link&utm_campaign=folklore,03/08/2026,
Barry Keoghan Reconsiders Acting Career Amid Backlash From Sabrina Carpenter Fans Over His Looks,https://raw.githubusercontent.com/malikmubashar322-hub/Auto-Pins-Generator/main/pins/7444-barry-keoghan-reconsiders-acting-career-amid-backlash-from-s.jpg,Boredpanda Viral,0:00,,https://www.boredpanda.com/barry-keoghan-rethinking-movie-career-amid-online-harassment?%2F%3Futm_source=pinterest&utm_medium=link&utm_campaign=folklore,03/08/2026,
61 Hilarious Memes That Demonstrate The Superiority Of British Humor,https://raw.githubusercontent.com/malikmubashar322-hub/Auto-Pins-Generator/main/pins/7445-61-hilarious-memes-that-demonstrate-the-superiority-of-briti.jpg,Boredpanda Viral,0:00,,https://www.boredpanda.com/funny-british-memes-posts?%2F%3Futm_source=pinterest&utm_medium=link&utm_campaign=folklore,03/08/2026,
79 Funny Science Memes That Make You Feel Smarter Just For Getting The Joke,https://raw.githubusercontent.com/malikmubashar322-hub/Auto-Pins-Generator/main/pins/7446-79-funny-science-memes-that-make-you-feel-smarter-just-for-g.jpg,Boredpanda Viral,0:00,,https://www.boredpanda.com/science-memes-humor?%2F%3Futm_source=pinterest&utm_medium=link&utm_campaign=folklore,03/08/2026,
59 Moments When Terrible People Made Everyone Aware Of Their Horrible Views And Personalities,https://raw.githubusercontent.com/malikmubashar322-hub/Auto-Pins-Generator/main/pins/7447-59-moments-when-terrible-people-made-everyone-aware-of-their.jpg,Boredpanda Viral,0:00,,https://www.boredpanda.com/moments-people-realised-someone-was-terrible-person?%2F%3Futm_source=pinterest&utm_medium=link&utm_campaign=folklore,03/08/2026,
Jude Law’s Ex Calls Out Chappell Roan After Singer Gives Excuses For Bodyguard Berating Her Daughter,https://raw.githubusercontent.com/malikmubashar322-hub/Auto-Pins-Generator/main/pins/7448-jude-laws-ex-calls-out-chappell-roan-after-singer-gives-excu.jpg,Boredpanda Viral,0:00,,https://www.boredpanda.com/jude-law-ex-calls-out-chappell-roan-after-excuses-for-body-guard-berating-daughter?%2F%3Futm_source=pinterest&utm_medium=link&utm_campaign=folklore,03/08/2026,
"Woman Catches Mom Sleeping With Her Fiancé, Cuts Everyone Off And Starts A New Life Until They Find Her",https://raw.githubusercontent.com/malikmubashar322-hub/Auto-Pins-Generator/main/pins/7449-woman-catches-mom-sleeping-with-her-fiance-cuts-everyone-off.jpg,Boredpanda Viral,0:00,,https://www.boredpanda.com/parents-want-reconnect-daughter-ex-boyfriend-mother-affair?%2F%3Futm_source=pinterest&utm_medium=link&utm_campaign=folklore,03/08/2026,
51 Times People Found Out Their Partners Were Cheating On Them In The Weirdest Ways,https://raw.githubusercontent.com/malikmubashar322-hub/Auto-Pins-Generator/main/pins/7450-51-times-people-found-out-their-partners-were-cheating-on-th.jpg,Boredpanda Viral,0:00,,https://www.boredpanda.com/craziest-caught-ways-ex-being-unfaithful?%2F%3Futm_source=pinterest&utm_medium=link&utm_campaign=folklore,03/08/2026,
"“Proof That You’re The Trash I Always Knew You Were”: MIL Proudly Drops DNA Test Results, Regrets It",https://raw.githubusercontent.com/malikmubashar322-hub/Auto-Pins-Generator/main/pins/7451-proof-that-youre-the-trash-i-always-knew-you-were-mil-proudl.jpg,Boredpanda Viral,0:00,,https://www.boredpanda.com/mil-dna-tests-daughter-exposes-to-husband?%2F%3Futm_source=pinterest&utm_medium=link&utm_campaign=folklore,04/08/2026,
"Stepbrother Creeps This Teen Out So She Sets Up A Camera In Her Room, And What She Caught Makes Her Move Out",https://raw.githubusercontent.com/malikmubashar322-hub/Auto-Pins-Generator/main/pins/7452-stepbrother-creeps-this-teen-out-so-she-sets-up-a-camera-in-.jpg,Boredpanda Viral,0:00,,https://www.boredpanda.com/stepbrother-cut-sisters-hair-night-moves-out?%2F%3Futm_source=pinterest&utm_medium=link&utm_campaign=folklore,04/08/2026,
“Would You Have Bought Into It?”: 20 Unsuccessful Product Pitches From Shark Tank,https://raw.githubusercontent.com/malikmubashar322-hub/Auto-Pins-Generator/main/pins/7453-would-you-have-bought-into-it-20-unsuccessful-product-pitche.jpg,Boredpanda Viral,0:00,,https://www.boredpanda.com/shark-tank-poll?%2F%3Futm_source=pinterest&utm_medium=link&utm_campaign=folklore,04/08/2026,
"Daily Guess The Country Game #040 (Mar 22, 2026)",https://raw.githubusercontent.com/malikmubashar322-hub/Auto-Pins-Generator/main/pins/7454-daily-guess-the-country-game-040-mar-22-2026.jpg,Boredpanda Viral,0:00,,https://www.boredpanda.com/guess-the-country-22-03-2026?%2F%3Futm_source=pinterest&utm_medium=link&utm_campaign=folklore,04/08/2026,
99 People Show How Much Groceries Cost Where They Live And It’s Pretty Bad (New Pics),https://raw.githubusercontent.com/malikmubashar322-hub/Auto-Pins-Generator/main/pins/7455-99-people-show-how-much-groceries-cost-where-they-live-and-i.jpg,Boredpanda Viral,0:00,,https://www.boredpanda.com/people-share-shopping-cart-grocery-prices?%2F%3Futm_source=pinterest&utm_medium=link&utm_campaign=folklore,04/08/2026,
Nicole Kidman Sparks Dating Buzz With Australian Actor After Keith Urban Divorce,https://raw.githubusercontent.com/malikmubashar322-hub/Auto-Pins-Generator/main/pins/7456-nicole-kidman-sparks-dating-buzz-with-australian-actor-after.jpg,Boredpanda Viral,0:00,,https://www.boredpanda.com/nicole-kidman-sparks-dating-buzz-with-australian-actor-after-keith-urban-divorce?%2F%3Futm_source=pinterest&utm_medium=link&utm_campaign=folklore,04/08/2026,
Mugshot Of Kendra Duggar Released After Arrest On Criminal Charges In Arkansas,https://raw.githubusercontent.com/malikmubashar322-hub/Auto-Pins-Generator/main/pins/7457-mugshot-of-kendra-duggar-released-after-arrest-on-criminal-c.jpg,Boredpanda Viral,0:00,,https://www.boredpanda.com/kendra-duggar-mugshot-revealed-after-her-arrest-on-criminal-charges?%2F%3Futm_source=pinterest&utm_medium=link&utm_campaign=folklore,04/08/2026,
Nicholas Brendon’s Last Video Sparks Emotional Reactions,https://raw.githubusercontent.com/malikmubashar322-hub/Auto-Pins-Generator/main/pins/7458-nicholas-brendons-last-video-sparks-emotional-reactions.jpg,Boredpanda Viral,0:00,,https://www.boredpanda.com/touching-final-video-of-buffy-the-vampire-slayer-star-nicholas-brendon-revealed?%2F%3Futm_source=pinterest&utm_medium=link&utm_campaign=folklore,04/08/2026,
Chuck Norris’ Best Memes Resurface As Fans Pay Tribute To Legendary Star,https://raw.githubusercontent.com/malikmubashar322-hub/Auto-Pins-Generator/main/pins/7459-chuck-norris-best-memes-resurface-as-fans-pay-tribute-to-leg.jpg,Boredpanda Viral,0:00,,https://www.boredpanda.com/the-best-chuck-norris-memes-resurface-as-fans-pay-tribute-to-the-late-icon?%2F%3Futm_source=pinterest&utm_medium=link&utm_campaign=folklore,04/08/2026,
“Watching It Gave Me Chills”: 43 People Share The Creepiest Displays Of Intelligence They’ve Seen In Others,https://raw.githubusercontent.com/malikmubashar322-hub/Auto-Pins-Generator/main/pins/7460-watching-it-gave-me-chills-43-people-share-the-creepiest-dis.jpg,Boredpanda Viral,0:00,,https://www.boredpanda.com/creepiest-display-intelligence-stories?%2F%3Futm_source=pinterest&utm_medium=link&utm_campaign=folklore,04/08/2026,
"Daily Guess The Famous Person Game #007 (Mar 21, 2026)",https://raw.githubusercontent.com/malikmubashar322-hub/Auto-Pins-Generator/main/pins/7461-daily-guess-the-famous-person-game-007-mar-21-2026.jpg,Boredpanda Viral,0:00,,https://www.boredpanda.com/guess-the-person-21-03-2026?%2F%3Futm_source=pinterest&utm_medium=link&utm_campaign=folklore,05/08/2026,
"Celebrity Birthdays Today, March 21, 2026",https://raw.githubusercontent.com/malikmubashar322-hub/Auto-Pins-Generator/main/pins/7462-celebrity-birthdays-today-march-21-2026.jpg,Boredpanda Viral,0:00,,https://www.boredpanda.com/celebrity-birthdays-today-march-21-2026?%2F%3Futm_source=pinterest&utm_medium=link&utm_campaign=folklore,05/08/2026,
"Horrible Husband Forbids Wife From Chemotherapy, Loses Everything He Owns",https://raw.githubusercontent.com/malikmubashar322-hub/Auto-Pins-Generator/main/pins/7463-horrible-husband-forbids-wife-from-chemotherapy-loses-everyt.jpg,Boredpanda Viral,0:00,,https://www.boredpanda.com/stepfather-delayed-mothers-chemo-treatments-daughter-took-house?%2F%3Futm_source=pinterest&utm_medium=link&utm_campaign=folklore,05/08/2026,
"NYT Pips Hints, Answers For 21-March-2026",https://raw.githubusercontent.com/malikmubashar322-hub/Auto-Pins-Generator/main/pins/7464-nyt-pips-hints-answers-for-21-march-2026.jpg,Boredpanda Viral,0:00,,https://www.boredpanda.com/nyt-pips-hints-and-answers-21-march-2026?%2F%3Futm_source=pinterest&utm_medium=link&utm_campaign=folklore,05/08/2026,
"Spelling Bee Hints, Answers For 21-March-2026",https://raw.githubusercontent.com/malikmubashar322-hub/Auto-Pins-Generator/main/pins/7465-spelling-bee-hints-answers-for-21-march-2026.jpg,Boredpanda Viral,0:00,,https://www.boredpanda.com/spelling-bee-answers-21-march-2026?%2F%3Futm_source=pinterest&utm_medium=link&utm_campaign=folklore,05/08/2026,
NYT Mini Crossword Hints And Answers For 21-March-2026,https://raw.githubusercontent.com/malikmubashar322-hub/Auto-Pins-Generator/main/pins/7466-nyt-mini-crossword-hints-and-answers-for-21-march-2026.jpg,Boredpanda Viral,0:00,,https://www.boredpanda.com/nyt-mini-crossword-answers-and-hints-21-march-2026?%2F%3Futm_source=pinterest&utm_medium=link&utm_campaign=folklore,05/08/2026,
NYT Strands Hints And Answers For 21-March-2026,https://raw.githubusercontent.com/malikmubashar322-hub/Auto-Pins-Generator/main/pins/7467-nyt-strands-hints-and-answers-for-21-march-2026.jpg,Boredpanda Viral,0:00,,https://www.boredpanda.com/nyt-strands-hints-and-answers-21-march-2026?%2F%3Futm_source=pinterest&utm_medium=link&utm_campaign=folklore,05/08/2026,
NYT Connections Hints And Answers For 21-March-2026,https://raw.githubusercontent.com/malikmubashar322-hub/Auto-Pins-Generator/main/pins/7468-nyt-connections-hints-and-answers-for-21-march-2026.jpg,Boredpanda Viral,0:00,,https://www.boredpanda.com/nyt-connections-hints-and-answers-21-march-2026?%2F%3Futm_source=pinterest&utm_medium=link&utm_campaign=folklore,05/08/2026,
Jair Bolsonaro: Bio And Career Highlights,https://raw.githubusercontent.com/malikmubashar322-hub/Auto-Pins-Generator/main/pins/7469-jair-bolsonaro-bio-and-career-highlights.jpg,Boredpanda Viral,0:00,,https://www.boredpanda.com/jair-bolsonaro-bio-and-career-highlights?%2F%3Futm_source=pinterest&utm_medium=link&utm_campaign=folklore,05/08/2026,
Kevin Federline: Bio And Career Highlights,https://raw.githubusercontent.com/malikmubashar322-hub/Auto-Pins-Generator/main/pins/7470-kevin-federline-bio-and-career-highlights.jpg,Boredpanda Viral,0:00,,https://www.boredpanda.com/kevin-federline-bio-and-career-highlights?%2F%3Futm_source=pinterest&utm_medium=link&utm_campaign=folklore,05/08/2026,
Deryck Whibley: Bio And Career Highlights,https://raw.githubusercontent.com/malikmubashar322-hub/Auto-Pins-Generator/main/pins/7471-deryck-whibley-bio-and-career-highlights.jpg,Boredpanda Viral,0:00,,https://www.boredpanda.com/deryck-whibley-bio-and-career-highlights?%2F%3Futm_source=pinterest&utm_medium=link&utm_campaign=folklore,06/08/2026,
Rhys Darby: Bio And Career Highlights,https://raw.githubusercontent.com/malikmubashar322-hub/Auto-Pins-Generator/main/pins/7472-rhys-darby-bio-and-career-highlights.jpg,Boredpanda Viral,0:00,,https://www.boredpanda.com/rhys-darby-bio-and-career-highlights?%2F%3Futm_source=pinterest&utm_medium=link&utm_campaign=folklore,06/08/2026,
Martina Stoessel: Bio And Career Highlights,https://raw.githubusercontent.com/malikmubashar322-hub/Auto-Pins-Generator/main/pins/7473-martina-stoessel-bio-and-career-highlights.jpg,Boredpanda Viral,0:00,,https://www.boredpanda.com/martina-stoessel-bio-and-career-highlights?%2F%3Futm_source=pinterest&utm_medium=link&utm_campaign=folklore,06/08/2026,
Jace Norman: Bio And Career Highlights,https://raw.githubusercontent.com/malikmubashar322-hub/Auto-Pins-Generator/main/pins/7474-jace-norman-bio-and-career-highlights.jpg,Boredpanda Viral,0:00,,https://www.boredpanda.com/jace-norman-bio-and-career-highlights?%2F%3Futm_source=pinterest&utm_medium=link&utm_campaign=folklore,06/08/2026,
Sonequa Martin-Green: Bio And Career Highlights,https://raw.githubusercontent.com/malikmubashar322-hub/Auto-Pins-Generator/main/pins/7475-sonequa-martin-green-bio-and-career-highlights.jpg,Boredpanda Viral,0:00,,https://www.boredpanda.com/sonequa-martin-green-bio-and-career-highlights?%2F%3Futm_source=pinterest&utm_medium=link&utm_campaign=folklore,06/08/2026,
Scott Eastwood: Bio And Career Highlights,https://raw.githubusercontent.com/malikmubashar322-hub/Auto-Pins-Generator/main/pins/7476-scott-eastwood-bio-and-career-highlights.jpg,Boredpanda Viral,0:00,,https://www.boredpanda.com/scott-eastwood-bio-and-career-highlights?%2F%3Futm_source=pinterest&utm_medium=link&utm_campaign=folklore,06/08/2026,
Timothy Dalton: Bio And Career Highlights,https://raw.githubusercontent.com/malikmubashar322-hub/Auto-Pins-Generator/main/pins/7477-timothy-dalton-bio-and-career-highlights.jpg,Boredpanda Viral,0:00,,https://www.boredpanda.com/timothy-dalton-bio-and-career-highlights?%2F%3Futm_source=pinterest&utm_medium=link&utm_campaign=folklore,06/08/2026,
Gary Oldman: Bio And Career Highlights,https://raw.githubusercontent.com/malikmubashar322-hub/Auto-Pins-Generator/main/pins/7478-gary-oldman-bio-and-career-highlights.jpg,Boredpanda Viral,0:00,,https://www.boredpanda.com/gary-oldman-bio-and-career-highlights?%2F%3Futm_source=pinterest&utm_medium=link&utm_campaign=folklore,06/08/2026,
Adam Pearson Joins Fans In Calling Out Comedian’s Offensive Tweet About Him,https://raw.githubusercontent.com/malikmubashar322-hub/Auto-Pins-Generator/main/pins/7479-adam-pearson-joins-fans-in-calling-out-comedians-offensive-t.jpg,Boredpanda Viral,0:00,,https://www.boredpanda.com/adam-pearson-joins-fans-in-calling-out-comedians-offensive-tweet-about-him?%2F%3Futm_source=pinterest&utm_medium=link&utm_campaign=folklore,06/08/2026,
Linda Cardellini Opens Up About ‘Weird’ And ‘Scary’ Experience Filming Intimate Scene With Jason Bateman,https://raw.githubusercontent.com/malikmubashar322-hub/Auto-Pins-Generator/main/pins/7480-linda-cardellini-opens-up-about-weird-and-scary-experience-f.jpg,Boredpanda Viral,0:00,,https://www.boredpanda.com/linda-cardellini-opens-up-about-filming-intimate-scene-with-jason-bateman?%2F%3Futm_source=pinterest&utm_medium=link&utm_campaign=folklore,06/08/2026,
77 Bizarre Throwback Images That Would Cause Absolute Outrage Today (New Pics),https://raw.githubusercontent.com/malikmubashar322-hub/Auto-Pins-Generator/main/pins/7481-77-bizarre-throwback-images-that-would-cause-absolute-outrag.jpg,Boredpanda Viral,0:00,,https://www.boredpanda.com/ridiculous-old-photos?%2F%3Futm_source=pinterest&utm_medium=link&utm_campaign=folklore,07/08/2026,
"This Instagram Account Shares Memes From The ’90s, Here Are The 95 Most Nostalgic Ones (New Pics)",https://raw.githubusercontent.com/malikmubashar322-hub/Auto-Pins-Generator/main/pins/7482-this-instagram-account-shares-memes-from-the-90s-here-are-th.jpg,Boredpanda Viral,0:00,,https://www.boredpanda.com/funny-nostalgic-90s-posts-memes-insta80s90s?%2F%3Futm_source=pinterest&utm_medium=link&utm_campaign=folklore,07/08/2026,
79 Cursed Photos That Make Absolutely Zero Sense But Live Rent‑Free In Our Brains,https://raw.githubusercontent.com/malikmubashar322-hub/Auto-Pins-Generator/main/pins/7483-79-cursed-photos-that-make-absolutely-zero-sense-but-live-re.jpg,Boredpanda Viral,0:00,,https://www.boredpanda.com/random-cursed-images-pics?%2F%3Futm_source=pinterest&utm_medium=link&utm_campaign=folklore,07/08/2026,
People Shared 51 Pics Of Their Childhood Hair Disasters As Their Parents Pretended To Be Hairdressers,https://raw.githubusercontent.com/malikmubashar322-hub/Auto-Pins-Generator/main/pins/7484-people-shared-51-pics-of-their-childhood-hair-disasters-as-t.jpg,Boredpanda Viral,0:00,,https://www.boredpanda.com/funny-childhood-hairstyles?%2F%3Futm_source=pinterest&utm_medium=link&utm_campaign=folklore,07/08/2026,
How To Ruin Your Entire Life: 33 Heartbreaking And Sobering Stories Of Wrecked Lives,https://raw.githubusercontent.com/malikmubashar322-hub/Auto-Pins-Generator/main/pins/7485-how-to-ruin-your-entire-life-33-heartbreaking-and-sobering-s.jpg,Boredpanda Viral,0:00,,https://www.boredpanda.com/fastest-ways-people-ruin-own-life?%2F%3Futm_source=pinterest&utm_medium=link&utm_campaign=folklore,07/08/2026,
27 Scientific Facts That May Make You See The World In An Entirely Different Light,https://raw.githubusercontent.com/malikmubashar322-hub/Auto-Pins-Generator/main/pins/7486-27-scientific-facts-that-may-make-you-see-the-world-in-an-en.jpg,Boredpanda Viral,0:00,,https://www.boredpanda.com/science-facts-satisfythecuriosity?%2F%3Futm_source=pinterest&utm_medium=link&utm_campaign=folklore,07/08/2026,
"Teen Throws All Meat Out After Family Refuses To Go Vegan, Regrets It",https://raw.githubusercontent.com/malikmubashar322-hub/Auto-Pins-Generator/main/pins/7487-teen-throws-all-meat-out-after-family-refuses-to-go-vegan-re.jpg,Boredpanda Viral,0:00,,https://www.boredpanda.com/mom-force-vegan-daughter-cook-meat?%2F%3Futm_source=pinterest&utm_medium=link&utm_campaign=folklore,07/08/2026,
"“I Am Disappointed, Hurt And Angry”: Guy Wants To Leave Wife Of 31 Years With Nothing After He Passes",https://raw.githubusercontent.com/malikmubashar322-hub/Auto-Pins-Generator/main/pins/7488-i-am-disappointed-hurt-and-angry-guy-wants-to-leave-wife-of-.jpg,Boredpanda Viral,0:00,,https://www.boredpanda.com/husband-secretly-left-money-son?%2F%3Futm_source=pinterest&utm_medium=link&utm_campaign=folklore,07/08/2026,
"Woman Gets Detained By ICE At A Parking Lot For Speaking In A Foreign Language, Then Gets Hit On",https://raw.githubusercontent.com/malikmubashar322-hub/Auto-Pins-Generator/main/pins/7489-woman-gets-detained-by-ice-at-a-parking-lot-for-speaking-in-.jpg,Boredpanda Viral,0:00,,https://www.boredpanda.com/immigrant-woman-detained-ice-inappropriate-officer?%2F%3Futm_source=pinterest&utm_medium=link&utm_campaign=folklore,07/08/2026,
“A Big Request”: Mom Teaches Her Son To Stand His Ground After His Postpartum Wife Asks For Help,https://raw.githubusercontent.com/malikmubashar322-hub/Auto-Pins-Generator/main/pins/7490-a-big-request-mom-teaches-her-son-to-stand-his-ground-after-.jpg,Boredpanda Viral,0:00,,https://www.boredpanda.com/mil-texts-husband-taking-care-of-newborn?%2F%3Futm_source=pinterest&utm_medium=link&utm_campaign=folklore,07/08/2026,
"Woman Expected To Cater To Husband’s Family For 6 Weeks Without Being Asked, Plans To Leave This Time",https://raw.githubusercontent.com/malikmubashar322-hub/Auto-Pins-Generator/main/pins/7491-woman-expected-to-cater-to-husbands-family-for-6-weeks-witho.jpg,Boredpanda Viral,0:00,,https://www.boredpanda.com/wife-leaves-in-laws-overstay-without-asking?%2F%3Futm_source=pinterest&utm_medium=link&utm_campaign=folklore,08/08/2026,
“Can You Resist Everyday Temptations?”: Test Your Self-Control With These 28 Impulse Scenarios,https://raw.githubusercontent.com/malikmubashar322-hub/Auto-Pins-Generator/main/pins/7492-can-you-resist-everyday-temptations-test-your-self-control-w.jpg,Boredpanda Viral,0:00,,https://www.boredpanda.com/your-urge-control-style-quiz?%2F%3Futm_source=pinterest&utm_medium=link&utm_campaign=folklore,08/08/2026,
"Daily Guess The Country Game #039 (Mar 21, 2026)",https://raw.githubusercontent.com/malikmubashar322-hub/Auto-Pins-Generator/main/pins/7493-daily-guess-the-country-game-039-mar-21-2026.jpg,Boredpanda Viral,0:00,,https://www.boredpanda.com/guess-the-country-21-03-2026?%2F%3Futm_source=pinterest&utm_medium=link&utm_campaign=folklore,08/08/2026,
"The Pitt Season 2, Episode 12 Preview: Release Date, Time, How To Watch",https://raw.githubusercontent.com/malikmubashar322-hub/Auto-Pins-Generator/main/pins/7494-the-pitt-season-2-episode-12-preview-release-date-time-how-t.jpg,Boredpanda Viral,0:00,,https://www.boredpanda.com/the-pitt-season-2-episode-12-preview-release-date-time-how-to-watch?%2F%3Futm_source=pinterest&utm_medium=link&utm_campaign=folklore,08/08/2026,
Chuck Norris’ Kids Break Silence After Their Dad’s ‘Sudden’ Passing,https://raw.githubusercontent.com/malikmubashar322-hub/Auto-Pins-Generator/main/pins/7495-chuck-norris-kids-break-silence-after-their-dads-sudden-pass.jpg,Boredpanda Viral,0:00,,https://www.boredpanda.com/chuck-norris-kids-break-silence-after-their-dads-sudden-passing?%2F%3Futm_source=pinterest&utm_medium=link&utm_campaign=folklore,08/08/2026,
Joseph Duggar’s Sister Jill Speaks Out After Brother’s Arrest Over Horrific Crime,https://raw.githubusercontent.com/malikmubashar322-hub/Auto-Pins-Generator/main/pins/7496-joseph-duggars-sister-jill-speaks-out-after-brothers-arrest-.jpg,Boredpanda Viral,0:00,,https://www.boredpanda.com/joseph-duggar-sister-jill-speaks-out-after-brother-arrest-over-horrific-crime?%2F%3Futm_source=pinterest&utm_medium=link&utm_campaign=folklore,08/08/2026,
"Weeks Before Horrifying Video Surfaced, ‘Mormon Wives’ Cast Warned ABC About Taylor Frankie Paul",https://raw.githubusercontent.com/malikmubashar322-hub/Auto-Pins-Generator/main/pins/7497-weeks-before-horrifying-video-surfaced-mormon-wives-cast-war.jpg,Boredpanda Viral,0:00,,https://www.boredpanda.com/mormon-wives-cast-warned-abc-taylor-frankie-paul-weeks-before-video-surface?%2F%3Futm_source=pinterest&utm_medium=link&utm_campaign=folklore,08/08/2026,
“Made My Blood Boil”: The Pitt Viewers Pass Verdict On Controversial ICE Episode,https://raw.githubusercontent.com/malikmubashar322-hub/Auto-Pins-Generator/main/pins/7498-made-my-blood-boil-the-pitt-viewers-pass-verdict-on-controve.jpg,Boredpanda Viral,0:00,,https://www.boredpanda.com/made-my-blood-boil-the-pitt-viewers-pass-verdict-on-controversial-ice-episode?%2F%3Futm_source=pinterest&utm_medium=link&utm_campaign=folklore,08/08/2026,
“Mediocre Level”: Fans Slam Olivia Rodrigo’s Vogue Cover After Spotting Bizarre Details,https://raw.githubusercontent.com/malikmubashar322-hub/Auto-Pins-Generator/main/pins/7499-mediocre-level-fans-slam-olivia-rodrigos-vogue-cover-after-s.jpg,Boredpanda Viral,0:00,,https://www.boredpanda.com/fans-slam-olivia-rodrigos-vogue-cover-after-spotting-bizarre-details?%2F%3Futm_source=pinterest&utm_medium=link&utm_campaign=folklore,08/08/2026,
"‘Vic, I Need My Laptop, It’s Upstairs’: Kylie Jenner’s Ex-Assistant Reveals The Moment She Decided To Quit",https://raw.githubusercontent.com/malikmubashar322-hub/Auto-Pins-Generator/main/pins/7500-vic-i-need-my-laptop-its-upstairs-kylie-jenners-ex-assistant.jpg,Boredpanda Viral,0:00,,https://www.boredpanda.com/kylie-jenners-ex-assistant-reveals-the-moment-she-knew-she-needed-to-quit?%2F%3Futm_source=pinterest&utm_medium=link&utm_campaign=folklore,08/08/2026,
